{
  "css/main.css": "css/main-a256a0a959.css",
  "css/vendor.css": "css/vendor-9912c5428e.css",
  "fonts/Forum-Regular.woff2": "fonts/Forum-Regular-b8b68124d1.woff2",
  "fonts/Mulish-Italic-VariableFont.woff2": "fonts/Mulish-Italic-VariableFont-2b126c39b1.woff2",
  "fonts/Mulish-VariableFont.woff2": "fonts/Mulish-VariableFont-ff78410e96.woff2",
  "img/Saraswati.avif": "img/Saraswati-f1ede90aea.avif",
  "img/Saraswati.png": "img/Saraswati-d434c117a2.png",
  "img/Saraswati.webp": "img/Saraswati-c8a674fed7.webp",
  "img/anna.avif": "img/anna-9b3042de72.avif",
  "img/anna.png": "img/anna-c50977df37.png",
  "img/anna.webp": "img/anna-808476972e.webp",
  "img/anna_info.avif": "img/anna_info-aa28b0e0f8.avif",
  "img/anna_info.png": "img/anna_info-8798ed0245.png",
  "img/anna_info.webp": "img/anna_info-62a55dc869.webp",
  "img/background.avif": "img/background-ad7cc26a44.avif",
  "img/background.png": "img/background-7222a905a0.png",
  "img/background.webp": "img/background-b0865bdc85.webp",
  "img/bg.avif": "img/bg-7eac96890a.avif",
  "img/bg.png": "img/bg-14b506b2f1.png",
  "img/bg.webp": "img/bg-c93d65d5e0.webp",
  "img/hero.avif": "img/hero-67e8405350.avif",
  "img/hero.png": "img/hero-8390683a7c.png",
  "img/hero.webp": "img/hero-05484e0ffe.webp",
  "img/logo-footer.avif": "img/logo-footer-ea334aad27.avif",
  "img/logo-footer.png": "img/logo-footer-33be7b6217.png",
  "img/logo-footer.webp": "img/logo-footer-f076a24ed1.webp",
  "img/map.avif": "img/map-0123df983b.avif",
  "img/map.png": "img/map-8874087f3e.png",
  "img/map.webp": "img/map-58418613ea.webp",
  "img/nika.avif": "img/nika-248d6efa41.avif",
  "img/nika.png": "img/nika-c21c555cdb.png",
  "img/nika.webp": "img/nika-87845e9604.webp",
  "img/online.avif": "img/online-ed2513d653.avif",
  "img/online.png": "img/online-4d8f3a6d7a.png",
  "img/online.webp": "img/online-4a55259e7f.webp",
  "img/planets.avif": "img/planets-ba4937d6d3.avif",
  "img/planets.png": "img/planets-3b8e16c673.png",
  "img/planets.webp": "img/planets-f8565b402e.webp",
  "img/reveu-2.avif": "img/reveu-2-d26d4b5a4e.avif",
  "img/reveu-2.jpg": "img/reveu-2-fa531a2458.jpg",
  "img/reveu-2.webp": "img/reveu-2-7f7698a453.webp",
  "img/reviews3.avif": "img/reviews3-c100054ad6.avif",
  "img/reviews3.jpg": "img/reviews3-e4c1ba6778.jpg",
  "img/reviews3.webp": "img/reviews3-da15417174.webp",
  "img/reviews5.avif": "img/reviews5-407595b19b.avif",
  "img/reviews5.jpg": "img/reviews5-33f4b7a8dc.jpg",
  "img/reviews5.webp": "img/reviews5-d3e668ed7c.webp",
  "img/sprite.svg": "img/sprite-dd9a2ffb80.svg",
  "img/standart.avif": "img/standart-72d5ede39a.avif",
  "img/standart.png": "img/standart-d07ef3d2a3.png",
  "img/standart.webp": "img/standart-0ffc375e25.webp",
  "img/svg/Instagram.svg": "img/svg/Instagram-f93ae60423.svg",
  "img/svg/Telegram.svg": "img/svg/Telegram-8f7b3267bf.svg",
  "img/svg/VK.svg": "img/svg/VK-3954dcd8be.svg",
  "img/svg/book.svg": "img/svg/book-e47a87446b.svg",
  "img/svg/logo.svg": "img/svg/logo-22bd1dbb77.svg",
  "img/svg/study.svg": "img/svg/study-fed8593926.svg",
  "img/svg/time.svg": "img/svg/time-29482b9c29.svg",
  "img/svg/youtube.svg": "img/svg/youtube-0a8ae7c452.svg",
  "img/viktoria.avif": "img/viktoria-134111c5fc.avif",
  "img/viktoria.png": "img/viktoria-757637ddbb.png",
  "img/viktoria.webp": "img/viktoria-efdc4cf514.webp",
  "img/vip.avif": "img/vip-262c17a7ef.avif",
  "img/vip.png": "img/vip-7000e5ba20.png",
  "img/vip.webp": "img/vip-f6c9fa43b8.webp",
  "js/main.js": "js/main-16da873c6a.js"
}